iter	MultiClass
0	-1.097997076
1	-1.097375852
2	-1.096755388
3	-1.096138884
4	-1.095515924
5	-1.094904271
6	-1.094288141
7	-1.093672691
8	-1.093071717
9	-1.092448935
10	-1.0918364
11	-1.091217787
12	-1.090625363
13	-1.090032152
14	-1.089431674
15	-1.088834084
16	-1.088228927
17	-1.087628271
